"url","Dlodealer","New column","_url_input"
"https://www.bmw.de/de/fastlane/bmw-partner.html#/dlo/DE/de/BMW_BMWM?type=location&term=Nordrhein-Westfalen,%20Deutschland","Procar Automobile GmbH 
 
 
 
 
 
 
 
 
 
 
 Hembergstr. 5 
 58636 Iserlohn 
 
 
 
5.98 km","","https://www.bmw.de/de/fastlane/bmw-partner.html#/dlo/DE/de/BMW_BMWM?type=location&term=Nordrhein-Westfalen,%20Deutschland"
"https://www.bmw.de/de/fastlane/bmw-partner.html#/dlo/DE/de/BMW_BMWM?type=location&term=Nordrhein-Westfalen,%20Deutschland","Procar Automobile GmbH 
 
 
 
 
 
 
 
 
 
 
 Werler Str. 85 
 58706 Menden 
 
 
 
9.01 km","","https://www.bmw.de/de/fastlane/bmw-partner.html#/dlo/DE/de/BMW_BMWM?type=location&term=Nordrhein-Westfalen,%20Deutschland"
"https://www.bmw.de/de/fastlane/bmw-partner.html#/dlo/DE/de/BMW_BMWM?type=location&term=Nordrhein-Westfalen,%20Deutschland","Procar Automobile GmbH 
 
 
 
 
 
 
 
 
 
 
 Elseyer Straße 77 
 58119 Hagen 
 
 
 
10.7 km","","https://www.bmw.de/de/fastlane/bmw-partner.html#/dlo/DE/de/BMW_BMWM?type=location&term=Nordrhein-Westfalen,%20Deutschland"
"https://www.bmw.de/de/fastlane/bmw-partner.html#/dlo/DE/de/BMW_BMWM?type=location&term=Nordrhein-Westfalen,%20Deutschland","Procar Automobile GmbH 
 
 
 
 
 
 
 
 
 
 
 Hansastr. 101 
 59425 Unna 
 
 
 
12.01 km","","https://www.bmw.de/de/fastlane/bmw-partner.html#/dlo/DE/de/BMW_BMWM?type=location&term=Nordrhein-Westfalen,%20Deutschland"
"https://www.bmw.de/de/fastlane/bmw-partner.html#/dlo/DE/de/BMW_BMWM?type=location&term=Nordrhein-Westfalen,%20Deutschland","BMW AG Niederlassung Dortmund 
 
 
 
 
 
 
 
 
 
 Nortkirchenstr. 111 
 44263 Dortmund 
 
 
 
14.35 km","","https://www.bmw.de/de/fastlane/bmw-partner.html#/dlo/DE/de/BMW_BMWM?type=location&term=Nordrhein-Westfalen,%20Deutschland"
"https://www.bmw.de/de/fastlane/bmw-partner.html#/dlo/DE/de/BMW_BMWM?type=location&term=Nordrhein-Westfalen,%20Deutschland","Kaltenbach Automobile GmbH 
 
 
 
 
 
 
 
 
 
 
 Gildestr. 26 
 58791 Werdohl 
 
 
 
20.96 km","","https://www.bmw.de/de/fastlane/bmw-partner.html#/dlo/DE/de/BMW_BMWM?type=location&term=Nordrhein-Westfalen,%20Deutschland"
"https://www.bmw.de/de/fastlane/bmw-partner.html#/dlo/DE/de/BMW_BMWM?type=location&term=Nordrhein-Westfalen,%20Deutschland","Autohaus Erwin Schmidt GmbH & Co. KG 
 
 
 
 
 
 
 
 
 
 
 Cappenberger Str. 25 b 
 44534 Lünen 
 
 
 
22.8 km","","https://www.bmw.de/de/fastlane/bmw-partner.html#/dlo/DE/de/BMW_BMWM?type=location&term=Nordrhein-Westfalen,%20Deutschland"
"https://www.bmw.de/de/fastlane/bmw-partner.html#/dlo/DE/de/BMW_BMWM?type=location&term=Nordrhein-Westfalen,%20Deutschland","Auto-Zentrum Bernhard Ernst GmbH & Co. KG 
 
 
 
 
 
 
 
 
 
 
 Crengeldanzstr. 83 
 58455 Witten 
 
 
 
23.37 km","","https://www.bmw.de/de/fastlane/bmw-partner.html#/dlo/DE/de/BMW_BMWM?type=location&term=Nordrhein-Westfalen,%20Deutschland"
"https://www.bmw.de/de/fastlane/bmw-partner.html#/dlo/DE/de/BMW_BMWM?type=location&term=Nordrhein-Westfalen,%20Deutschland","Autohaus Kaltenbach GmbH & Co. KG 
 
 
 
 
 
 
 
 
 
 
 Kölner Str. 137 
 58509 Lüdenscheid 
 
 
 
24.88 km","","https://www.bmw.de/de/fastlane/bmw-partner.html#/dlo/DE/de/BMW_BMWM?type=location&term=Nordrhein-Westfalen,%20Deutschland"
"https://www.bmw.de/de/fastlane/bmw-partner.html#/dlo/DE/de/BMW_BMWM?type=location&term=Nordrhein-Westfalen,%20Deutschland","Autohaus Kaltenbach GmbH 
 
 
 
 
 
 
 
 
 
 
 Niedereimerfeld 16 
 59823 Arnsberg 
 
 
 
26.02 km","","https://www.bmw.de/de/fastlane/bmw-partner.html#/dlo/DE/de/BMW_BMWM?type=location&term=Nordrhein-Westfalen,%20Deutschland"
"https://www.bmw.de/de/fastlane/bmw-partner.html#/dlo/DE/de/BMW_BMWM?type=location&term=Nordrhein-Westfalen,%20Deutschland","Autohaus Lange GmbH & Co. KG 
 
 
 
 
 
 
 
 Hauptstr. 168 a 
 59846 Sundern 
 
 
 
26.08 km","","https://www.bmw.de/de/fastlane/bmw-partner.html#/dlo/DE/de/BMW_BMWM?type=location&term=Nordrhein-Westfalen,%20Deutschland"
"https://www.bmw.de/de/fastlane/bmw-partner.html#/dlo/DE/de/BMW_BMWM?type=location&term=Nordrhein-Westfalen,%20Deutschland","Autohaus Erwin Schmidt GmbH & Co. KG 
 
 
 
 
 
 
 
 
 
 
 Fürstenhof 50 
 59368 Werne 
 
 
 
26.35 km","","https://www.bmw.de/de/fastlane/bmw-partner.html#/dlo/DE/de/BMW_BMWM?type=location&term=Nordrhein-Westfalen,%20Deutschland"
"https://www.bmw.de/de/fastlane/bmw-partner.html#/dlo/DE/de/BMW_BMWM?type=location&term=Nordrhein-Westfalen,%20Deutschland","Procar Automobile GmbH 
 
 
 
 
 
 
 
 
 
 
 Westring 212c 
 44579 Castrop-Rauxel 
 
 
 
28.58 km","","https://www.bmw.de/de/fastlane/bmw-partner.html#/dlo/DE/de/BMW_BMWM?type=location&term=Nordrhein-Westfalen,%20Deutschland"
"https://www.bmw.de/de/fastlane/bmw-partner.html#/dlo/DE/de/BMW_BMWM?type=location&term=Nordrhein-Westfalen,%20Deutschland","Procar Automobile GmbH 
 
 
 
 
 
 
 
 
 
 
 Eichenhofer Weg 1-7 
 45549 Sprockhövel 
 
 
 
29.69 km","","https://www.bmw.de/de/fastlane/bmw-partner.html#/dlo/DE/de/BMW_BMWM?type=location&term=Nordrhein-Westfalen,%20Deutschland"
"https://www.bmw.de/de/fastlane/bmw-partner.html#/dlo/DE/de/BMW_BMWM?type=location&term=Nordrhein-Westfalen,%20Deutschland","Autohaus Erwin Schmidt GmbH & Co. KG 
 
 
 
 
 
 
 
 
 
 
 Hohefeldweg 23 
 59071 Hamm 
 
 
 
30.15 km","","https://www.bmw.de/de/fastlane/bmw-partner.html#/dlo/DE/de/BMW_BMWM?type=location&term=Nordrhein-Westfalen,%20Deutschland"
"https://www.bmw.de/de/fastlane/bmw-partner.html#/dlo/DE/de/BMW_BMWM?type=location&term=Nordrhein-Westfalen,%20Deutschland","Autohaus Schneider GmbH & Co. KG 
 
 
 
 
 
 
 
 Wörther Str. 8-12 
 58332 Schwelm 
 
 
 
30.16 km","","https://www.bmw.de/de/fastlane/bmw-partner.html#/dlo/DE/de/BMW_BMWM?type=location&term=Nordrhein-Westfalen,%20Deutschland"
"https://www.bmw.de/de/fastlane/bmw-partner.html#/dlo/DE/de/BMW_BMWM?type=location&term=Nordrhein-Westfalen,%20Deutschland","AHAG Bochum GmbH 
 
 
 
 
 
 
 
 Hattinger Straße 386 b 
 44795 Bochum 
 
 
 
32.4 km","","https://www.bmw.de/de/fastlane/bmw-partner.html#/dlo/DE/de/BMW_BMWM?type=location&term=Nordrhein-Westfalen,%20Deutschland"
"https://www.bmw.de/de/fastlane/bmw-partner.html#/dlo/DE/de/BMW_BMWM?type=location&term=Nordrhein-Westfalen,%20Deutschland","AHAG Bochum GmbH 
 
 
 
 
 
 
 
 
 
 
 Porschestraße 4 
 44809 Bochum 
 
 
 
32.99 km","","https://www.bmw.de/de/fastlane/bmw-partner.html#/dlo/DE/de/BMW_BMWM?type=location&term=Nordrhein-Westfalen,%20Deutschland"
"https://www.bmw.de/de/fastlane/bmw-partner.html#/dlo/DE/de/BMW_BMWM?type=location&term=Nordrhein-Westfalen,%20Deutschland","Procar Automobile GmbH 
 
 
 
 
 
 
 
 
 
 
 Holsterhauser Straße 210 
 44625 Herne 
 
 
 
33.54 km","","https://www.bmw.de/de/fastlane/bmw-partner.html#/dlo/DE/de/BMW_BMWM?type=location&term=Nordrhein-Westfalen,%20Deutschland"
"https://www.bmw.de/de/fastlane/bmw-partner.html#/dlo/DE/de/BMW_BMWM?type=location&term=Nordrhein-Westfalen,%20Deutschland","Autohaus Erwin Schmidt GmbH & Co. KG 
 
 
 
 
 
 
 
 
 
 
 Arnsberger Straße 30 
 59494 Soest 
 
 
 
33.88 km","","https://www.bmw.de/de/fastlane/bmw-partner.html#/dlo/DE/de/BMW_BMWM?type=location&term=Nordrhein-Westfalen,%20Deutschland"
"https://www.bmw.de/de/fastlane/bmw-partner.html#/dlo/DE/de/BMW_BMWM?type=location&term=Nordrhein-Westfalen,%20Deutschland","Autohaus Gubin GmbH 
 
 
 
 
 
 
 
 Gollheide 28-30 
 44866 Bochum 
 
 
 
34.45 km","","https://www.bmw.de/de/fastlane/bmw-partner.html#/dlo/DE/de/BMW_BMWM?type=location&term=Nordrhein-Westfalen,%20Deutschland"
"https://www.bmw.de/de/fastlane/bmw-partner.html#/dlo/DE/de/BMW_BMWM?type=location&term=Nordrhein-Westfalen,%20Deutschland","AKG Automobile GmbH 
 
 
 
 
 
 
 
 Heerstr. 18 
 58540 Meinerzhagen 
 
 
 
37.46 km","","https://www.bmw.de/de/fastlane/bmw-partner.html#/dlo/DE/de/BMW_BMWM?type=location&term=Nordrhein-Westfalen,%20Deutschland"
"https://www.bmw.de/de/fastlane/bmw-partner.html#/dlo/DE/de/BMW_BMWM?type=location&term=Nordrhein-Westfalen,%20Deutschland","Heiko Emde GmbH 
 
 
 
 
 
 
 
 Uellendahlerstr. 462 
 42109 Wuppertal 
 
 
 
38.18 km","","https://www.bmw.de/de/fastlane/bmw-partner.html#/dlo/DE/de/BMW_BMWM?type=location&term=Nordrhein-Westfalen,%20Deutschland"
"https://www.bmw.de/de/fastlane/bmw-partner.html#/dlo/DE/de/BMW_BMWM?type=location&term=Nordrhein-Westfalen,%20Deutschland","Vogelsang Automobile GmbH & Co. KG 
 
 
 
 
 
 
 
 
 
 
 Rottstr. 118 
 45659 Recklinghausen 
 
 
 
38.32 km","","https://www.bmw.de/de/fastlane/bmw-partner.html#/dlo/DE/de/BMW_BMWM?type=location&term=Nordrhein-Westfalen,%20Deutschland"
"https://www.bmw.de/de/fastlane/bmw-partner.html#/dlo/DE/de/BMW_BMWM?type=location&term=Nordrhein-Westfalen,%20Deutschland","Autohaus Kaltenbach GmbH & Co. KG 
 
 
 
 
 
 
 
 
 
 
 Borner Str. 35 
 42897 Remscheid 
 
 
 
40.11 km","","https://www.bmw.de/de/fastlane/bmw-partner.html#/dlo/DE/de/BMW_BMWM?type=location&term=Nordrhein-Westfalen,%20Deutschland"
"https://www.bmw.de/de/fastlane/bmw-partner.html#/dlo/DE/de/BMW_BMWM?type=location&term=Nordrhein-Westfalen,%20Deutschland","Autohaus Kaltenbach GmbH & Co. KG 
 
 
 
 
 
 
 
 
 
 
 Obergraben Hämmern 2 
 51688 Wipperfürth 
 
 
 
40.12 km","","https://www.bmw.de/de/fastlane/bmw-partner.html#/dlo/DE/de/BMW_BMWM?type=location&term=Nordrhein-Westfalen,%20Deutschland"
"https://www.bmw.de/de/fastlane/bmw-partner.html#/dlo/DE/de/BMW_BMWM?type=location&term=Nordrhein-Westfalen,%20Deutschland","Procar Automobile Münsterland GmbH 
 
 
 
 
 
 
 
 
 
 
 Julius-Maggi-Str. 1 
 59348 Lüdinghausen 
 
 
 
40.65 km","","https://www.bmw.de/de/fastlane/bmw-partner.html#/dlo/DE/de/BMW_BMWM?type=location&term=Nordrhein-Westfalen,%20Deutschland"
"https://www.bmw.de/de/fastlane/bmw-partner.html#/dlo/DE/de/BMW_BMWM?type=location&term=Nordrhein-Westfalen,%20Deutschland","Procar Automobile Münsterland GmbH 
 
 
 
 
 
 
 
 
 
 
 Kruppstr. 2 b 
 59227 Ahlen 
 
 
 
41.75 km","","https://www.bmw.de/de/fastlane/bmw-partner.html#/dlo/DE/de/BMW_BMWM?type=location&term=Nordrhein-Westfalen,%20Deutschland"
"https://www.bmw.de/de/fastlane/bmw-partner.html#/dlo/DE/de/BMW_BMWM?type=location&term=Nordrhein-Westfalen,%20Deutschland","Procar Automobile GmbH 
 
 
 
 
 
 
 
 
 
 
 Friedrich-Ebert-Str. 105 
 42117 Wuppertal 
 
 
 
41.93 km","","https://www.bmw.de/de/fastlane/bmw-partner.html#/dlo/DE/de/BMW_BMWM?type=location&term=Nordrhein-Westfalen,%20Deutschland"
"https://www.bmw.de/de/fastlane/bmw-partner.html#/dlo/DE/de/BMW_BMWM?type=location&term=Nordrhein-Westfalen,%20Deutschland","Ernst & Lappe GmbH 
 
 
 
 
 
 
 
 
 
 
 St. Annental 115 
 45134 Essen 
 
 
 
42.11 km","","https://www.bmw.de/de/fastlane/bmw-partner.html#/dlo/DE/de/BMW_BMWM?type=location&term=Nordrhein-Westfalen,%20Deutschland"
"https://www.bmw.de/de/fastlane/bmw-partner.html#/dlo/DE/de/BMW_BMWM?type=location&term=Nordrhein-Westfalen,%20Deutschland","AHAG Automobil-Handelsges. Egon Gladen GmbH & Co. KG 
 
 
 
 
 
 
 
 
 
 
 Kurt-Schumacher-Str. 382 
 45897 Gelsenkirchen 
 
 
 
44.64 km","","https://www.bmw.de/de/fastlane/bmw-partner.html#/dlo/DE/de/BMW_BMWM?type=location&term=Nordrhein-Westfalen,%20Deutschland"
"https://www.bmw.de/de/fastlane/bmw-partner.html#/dlo/DE/de/BMW_BMWM?type=location&term=Nordrhein-Westfalen,%20Deutschland","Procar Automobile GmbH 
 
 
 
 
 
 
 
 
 
 
 Kopernikusstr. 6 
 42549 Velbert 
 
 
 
45.16 km","","https://www.bmw.de/de/fastlane/bmw-partner.html#/dlo/DE/de/BMW_BMWM?type=location&term=Nordrhein-Westfalen,%20Deutschland"
"https://www.bmw.de/de/fastlane/bmw-partner.html#/dlo/DE/de/BMW_BMWM?type=location&term=Nordrhein-Westfalen,%20Deutschland","AHAG Automobil-Handelsges. Egon Gladen GmbH & Co. KG 
 
 
 
 
 
 
 
 
 
 
 Herzlia Allee 107 
 45770 Marl 
 
 
 
45.28 km","","https://www.bmw.de/de/fastlane/bmw-partner.html#/dlo/DE/de/BMW_BMWM?type=location&term=Nordrhein-Westfalen,%20Deutschland"
"https://www.bmw.de/de/fastlane/bmw-partner.html#/dlo/DE/de/BMW_BMWM?type=location&term=Nordrhein-Westfalen,%20Deutschland","L + K Hackelbörger GmbH 
 
 
 
 
 
 
 
 Zünftestr. 2 
 59269 Beckum 
 
 
 
45.72 km","","https://www.bmw.de/de/fastlane/bmw-partner.html#/dlo/DE/de/BMW_BMWM?type=location&term=Nordrhein-Westfalen,%20Deutschland"
"https://www.bmw.de/de/fastlane/bmw-partner.html#/dlo/DE/de/BMW_BMWM?type=location&term=Nordrhein-Westfalen,%20Deutschland","BMW AG Niederlassung Essen 
 
 
 
 
 
 
 
 
 
 Berthold-Beitz-Boulevard 508 
 45141 Essen 
 
 
 
45.96 km","","https://www.bmw.de/de/fastlane/bmw-partner.html#/dlo/DE/de/BMW_BMWM?type=location&term=Nordrhein-Westfalen,%20Deutschland"
"https://www.bmw.de/de/fastlane/bmw-partner.html#/dlo/DE/de/BMW_BMWM?type=location&term=Nordrhein-Westfalen,%20Deutschland","Autohaus Kaltenbach GmbH & Co. KG 
 
 
 
 
 
 
 
 
 
 
 Wigeystr. 16 
 57368 Lennestadt 
 
 
 
46.1 km","","https://www.bmw.de/de/fastlane/bmw-partner.html#/dlo/DE/de/BMW_BMWM?type=location&term=Nordrhein-Westfalen,%20Deutschland"
"https://www.bmw.de/de/fastlane/bmw-partner.html#/dlo/DE/de/BMW_BMWM?type=location&term=Nordrhein-Westfalen,%20Deutschland","Engelmeier GmbH & Co.KG 
 
 
 
 
 
 
 
 
 
 
 Recklinghäuser Str. 54a 
 45721 Haltern am See 
 
 
 
46.93 km","","https://www.bmw.de/de/fastlane/bmw-partner.html#/dlo/DE/de/BMW_BMWM?type=location&term=Nordrhein-Westfalen,%20Deutschland"
"https://www.bmw.de/de/fastlane/bmw-partner.html#/dlo/DE/de/BMW_BMWM?type=location&term=Nordrhein-Westfalen,%20Deutschland","Kaltenbach Automobile GmbH & Co. KG 
 
 
 
 
 
 
 
 
 
 
 Im Langen Feld 8 
 57462 Olpe 
 
 
 
49.67 km","","https://www.bmw.de/de/fastlane/bmw-partner.html#/dlo/DE/de/BMW_BMWM?type=location&term=Nordrhein-Westfalen,%20Deutschland"
"https://www.bmw.de/de/fastlane/bmw-partner.html#/dlo/DE/de/BMW_BMWM?type=location&term=Nordrhein-Westfalen,%20Deutschland","Autohaus Kaltenbach GmbH & Co. KG 
 
 
 
 
 
 
 
 
 
 
 Neuenhaus 104-106 
 42929 Wermelskirchen 
 
 
 
50.08 km","","https://www.bmw.de/de/fastlane/bmw-partner.html#/dlo/DE/de/BMW_BMWM?type=location&term=Nordrhein-Westfalen,%20Deutschland"
"https://www.bmw.de/de/fastlane/bmw-partner.html#/dlo/DE/de/BMW_BMWM?type=location&term=Nordrhein-Westfalen,%20Deutschland","Procar Automobile GmbH 
 
 
 
 
 
 
 
 
 
 
 Frankfurter Damm 15 
 42719 Solingen 
 
 
 
50.37 km","","https://www.bmw.de/de/fastlane/bmw-partner.html#/dlo/DE/de/BMW_BMWM?type=location&term=Nordrhein-Westfalen,%20Deutschland"
"https://www.bmw.de/de/fastlane/bmw-partner.html#/dlo/DE/de/BMW_BMWM?type=location&term=Nordrhein-Westfalen,%20Deutschland","Götze & Gellermann GmbH 
 
 
 
 
 
 
 
 
 
 
 Alexanderstr. 1 
 45472 Mülheim an der Ruhr 
 
 
 
50.6 km","","https://www.bmw.de/de/fastlane/bmw-partner.html#/dlo/DE/de/BMW_BMWM?type=location&term=Nordrhein-Westfalen,%20Deutschland"
"https://www.bmw.de/de/fastlane/bmw-partner.html#/dlo/DE/de/BMW_BMWM?type=location&term=Nordrhein-Westfalen,%20Deutschland","AHAG Dülmen GmbH 
 
 
 
 
 
 
 
 
 
 
 Dammweg 1 (B 51) 
 48249 Dülmen 
 
 
 
51.1 km","","https://www.bmw.de/de/fastlane/bmw-partner.html#/dlo/DE/de/BMW_BMWM?type=location&term=Nordrhein-Westfalen,%20Deutschland"
"https://www.bmw.de/de/fastlane/bmw-partner.html#/dlo/DE/de/BMW_BMWM?type=location&term=Nordrhein-Westfalen,%20Deutschland","Felix Automobile GmbH 
 
 
 
 
 
 
 
 
 
 
 Gladbecker Str. 120 
 46236 Bottrop 
 
 
 
51.83 km","","https://www.bmw.de/de/fastlane/bmw-partner.html#/dlo/DE/de/BMW_BMWM?type=location&term=Nordrhein-Westfalen,%20Deutschland"
"https://www.bmw.de/de/fastlane/bmw-partner.html#/dlo/DE/de/BMW_BMWM?type=location&term=Nordrhein-Westfalen,%20Deutschland","Autohaus Kaltenbach GmbH & Co. KG 
 
 
 
 
 
 
 
 
 
 
 Robert-Bosch-Str. 4 
 51674 Wiehl 
 
 
 
52.57 km","","https://www.bmw.de/de/fastlane/bmw-partner.html#/dlo/DE/de/BMW_BMWM?type=location&term=Nordrhein-Westfalen,%20Deutschland"
"https://www.bmw.de/de/fastlane/bmw-partner.html#/dlo/DE/de/BMW_BMWM?type=location&term=Nordrhein-Westfalen,%20Deutschland","AHAG Dorsten GmbH & Co. KG 
 
 
 
 
 
 
 
 
 
 
 Zum Alten Kreuz 1 
 46282 Dorsten 
 
 
 
53.1 km","","https://www.bmw.de/de/fastlane/bmw-partner.html#/dlo/DE/de/BMW_BMWM?type=location&term=Nordrhein-Westfalen,%20Deutschland"
"https://www.bmw.de/de/fastlane/bmw-partner.html#/dlo/DE/de/BMW_BMWM?type=location&term=Nordrhein-Westfalen,%20Deutschland","Hans Brandenburg GmbH 
 
 
 
 
 
 
 
 
 
 
 Willettstr. 7 
 40822 Mettmann 
 
 
 
53.16 km","","https://www.bmw.de/de/fastlane/bmw-partner.html#/dlo/DE/de/BMW_BMWM?type=location&term=Nordrhein-Westfalen,%20Deutschland"
"https://www.bmw.de/de/fastlane/bmw-partner.html#/dlo/DE/de/BMW_BMWM?type=location&term=Nordrhein-Westfalen,%20Deutschland","Procar Automobile Münsterland GmbH 
 
 
 
 
 
 
 
 
 
 
 Weseler Str. 729-735 
 48163 Münster 
 
 
 
55.05 km","","https://www.bmw.de/de/fastlane/bmw-partner.html#/dlo/DE/de/BMW_BMWM?type=location&term=Nordrhein-Westfalen,%20Deutschland"
"https://www.bmw.de/de/fastlane/bmw-partner.html#/dlo/DE/de/BMW_BMWM?type=location&term=Nordrhein-Westfalen,%20Deutschland","Autohaus Walter Ritzel GmbH & Co. KG 
 
 
 
 
 
 
 
 Rossfeld 78 
 59557 Lippstadt 
 
 
 
55.32 km","","https://www.bmw.de/de/fastlane/bmw-partner.html#/dlo/DE/de/BMW_BMWM?type=location&term=Nordrhein-Westfalen,%20Deutschland"
"https://www.bmw.de/de/fastlane/bmw-partner.html#/dlo/DE/de/BMW_BMWM?type=location&term=Nordrhein-Westfalen,%20Deutschland","Autohaus Kruft GmbH 
 
 
 
 
 
 
 
 
 
 
 Werthfeldstr. 1 
 46117 Oberhausen 
 
 
 
55.53 km","","https://www.bmw.de/de/fastlane/bmw-partner.html#/dlo/DE/de/BMW_BMWM?type=location&term=Nordrhein-Westfalen,%20Deutschland"
"https://www.bmw.de/de/fastlane/bmw-partner.html#/dlo/DE/de/BMW_BMWM?type=location&term=Nordrhein-Westfalen,%20Deutschland","Martin Jacoby GmbH & Co. KG 
 
 
 
 
 
 
 
 Walder Straße 418 
 40724 Hilden 
 
 
 
55.63 km","","https://www.bmw.de/de/fastlane/bmw-partner.html#/dlo/DE/de/BMW_BMWM?type=location&term=Nordrhein-Westfalen,%20Deutschland"
"https://www.bmw.de/de/fastlane/bmw-partner.html#/dlo/DE/de/BMW_BMWM?type=location&term=Nordrhein-Westfalen,%20Deutschland","Philipp Automobile GmbH 
 
 
 
 
 
 
 
 
 
 
 Ruhrorter Str. 53 
 45478 Mülheim an der Ruhr 
 
 
 
57.06 km","","https://www.bmw.de/de/fastlane/bmw-partner.html#/dlo/DE/de/BMW_BMWM?type=location&term=Nordrhein-Westfalen,%20Deutschland"
"https://www.bmw.de/de/fastlane/bmw-partner.html#/dlo/DE/de/BMW_BMWM?type=location&term=Nordrhein-Westfalen,%20Deutschland","Kaltenbach Automobile GmbH & Co. KG 
 
 
 
 
 
 
 
 
 
 
 Maarweg 1 
 51491 Overath 
 
 
 
57.14 km","","https://www.bmw.de/de/fastlane/bmw-partner.html#/dlo/DE/de/BMW_BMWM?type=location&term=Nordrhein-Westfalen,%20Deutschland"
"https://www.bmw.de/de/fastlane/bmw-partner.html#/dlo/DE/de/BMW_BMWM?type=location&term=Nordrhein-Westfalen,%20Deutschland","Autohaus Rump GmbH 
 
 
 
 
 
 
 
 Appelhülsener Str. 16 
 48301 Nottuln 
 
 
 
58.66 km","","https://www.bmw.de/de/fastlane/bmw-partner.html#/dlo/DE/de/BMW_BMWM?type=location&term=Nordrhein-Westfalen,%20Deutschland"
"https://www.bmw.de/de/fastlane/bmw-partner.html#/dlo/DE/de/BMW_BMWM?type=location&term=Nordrhein-Westfalen,%20Deutschland","Autohaus Muhra GmbH 
 
 
 
 
 
 
 
 
 
 
 Im Erlengrund 1 
 46149 Oberhausen 
 
 
 
59.04 km","","https://www.bmw.de/de/fastlane/bmw-partner.html#/dlo/DE/de/BMW_BMWM?type=location&term=Nordrhein-Westfalen,%20Deutschland"
"https://www.bmw.de/de/fastlane/bmw-partner.html#/dlo/DE/de/BMW_BMWM?type=location&term=Nordrhein-Westfalen,%20Deutschland","Hans Brandenburg GmbH 
 
 
 
 
 
 
 
 
 
 
 Düsseldorfer Str. 2 
 40721 Hilden 
 
 
 
59.37 km","","https://www.bmw.de/de/fastlane/bmw-partner.html#/dlo/DE/de/BMW_BMWM?type=location&term=Nordrhein-Westfalen,%20Deutschland"
"https://www.bmw.de/de/fastlane/bmw-partner.html#/dlo/DE/de/BMW_BMWM?type=location&term=Nordrhein-Westfalen,%20Deutschland","Proauto GmbH 
 
 
 
 
 
 
 
 Schneiderstr. 9 
 40764 Langenfeld 
 
 
 
59.42 km","","https://www.bmw.de/de/fastlane/bmw-partner.html#/dlo/DE/de/BMW_BMWM?type=location&term=Nordrhein-Westfalen,%20Deutschland"
"https://www.bmw.de/de/fastlane/bmw-partner.html#/dlo/DE/de/BMW_BMWM?type=location&term=Nordrhein-Westfalen,%20Deutschland","BMW AG Niederlassung Düsseldorf Filiale Rath 
 
 
 
 
 
 
 
 
 
 Theodorstr. 279 
 40472 Düsseldorf 
 
 
 
61.8 km","","https://www.bmw.de/de/fastlane/bmw-partner.html#/dlo/DE/de/BMW_BMWM?type=location&term=Nordrhein-Westfalen,%20Deutschland"
"https://www.bmw.de/de/fastlane/bmw-partner.html#/dlo/DE/de/BMW_BMWM?type=location&term=Nordrhein-Westfalen,%20Deutschland","Hans Brandenburg GmbH 
 
 
 
 
 
 
 
 
 
 
 Bertha-von-Suttner-Str. 11-15 
 40595 Düsseldorf 
 
 
 
62.23 km","","https://www.bmw.de/de/fastlane/bmw-partner.html#/dlo/DE/de/BMW_BMWM?type=location&term=Nordrhein-Westfalen,%20Deutschland"
"https://www.bmw.de/de/fastlane/bmw-partner.html#/dlo/DE/de/BMW_BMWM?type=location&term=Nordrhein-Westfalen,%20Deutschland","BMW AG Niederlassung Düsseldorf 
 
 
 
 
 
 
 
 
 
 Grafenberger Allee 277-287 
 40237 Düsseldorf 
 
 
 
62.6 km","","https://www.bmw.de/de/fastlane/bmw-partner.html#/dlo/DE/de/BMW_BMWM?type=location&term=Nordrhein-Westfalen,%20Deutschland"
"https://www.bmw.de/de/fastlane/bmw-partner.html#/dlo/DE/de/BMW_BMWM?type=location&term=Nordrhein-Westfalen,%20Deutschland","Cloppenburg GmbH 
 
 
 
 
 
 
 
 Gießereistr. 9 
 47053 Duisburg 
 
 
 
62.69 km","","https://www.bmw.de/de/fastlane/bmw-partner.html#/dlo/DE/de/BMW_BMWM?type=location&term=Nordrhein-Westfalen,%20Deutschland"
