Procar Automobile GmbH,58636
Procar Automobile GmbH,58706
Procar Automobile GmbH,58119
Procar Automobile GmbH,59425
BMW AG Niederlassung Dortmund,44263
Kaltenbach Automobile GmbH,58791
Autohaus Erwin Schmidt GmbH & Co. KG,44534
Auto-Zentrum Bernhard Ernst GmbH & Co. KG,58455
Autohaus Kaltenbach GmbH & Co. KG,58509
Autohaus Kaltenbach GmbH,59823
Autohaus Lange GmbH & Co. KG,59846
Autohaus Erwin Schmidt GmbH & Co. KG,59368
Procar Automobile GmbH,44579
Procar Automobile GmbH,45549
Autohaus Erwin Schmidt GmbH & Co. KG,59071
Autohaus Schneider GmbH & Co. KG,58332
AHAG Bochum GmbH,44795
AHAG Bochum GmbH,44809
Procar Automobile GmbH,44625
Autohaus Erwin Schmidt GmbH & Co. KG,59494
Autohaus Gubin GmbH,44866
AKG Automobile GmbH,58540
Heiko Emde GmbH,42109
Vogelsang Automobile GmbH & Co. KG,45659
Autohaus Kaltenbach GmbH & Co. KG,42897
Autohaus Kaltenbach GmbH & Co. KG,51688
Procar Automobile Münsterland GmbH,59348
Procar Automobile Münsterland GmbH,59227
Procar Automobile GmbH,42117
Ernst & Lappe GmbH,45134
AHAG Automobil-Handelsges. Egon Gladen GmbH & Co. KG,45897
Procar Automobile GmbH,42549
AHAG Automobil-Handelsges. Egon Gladen GmbH & Co. KG,45770
L + K Hackelbörger GmbH,59269
BMW AG Niederlassung Essen,45141
Autohaus Kaltenbach GmbH & Co. KG,57368
Engelmeier GmbH & Co.KG,45721
Kaltenbach Automobile GmbH & Co. KG,57462
Autohaus Kaltenbach GmbH & Co. KG,42929
Procar Automobile GmbH,42719
Götze & Gellermann GmbH,45472
AHAG Dülmen GmbH,48249
Felix Automobile GmbH,46236
Autohaus Kaltenbach GmbH & Co. KG,51674
AHAG Dorsten GmbH & Co. KG,46282
Hans Brandenburg GmbH,40822
Procar Automobile Münsterland GmbH,48163
Autohaus Walter Ritzel GmbH & Co. KG,59557
Autohaus Kruft GmbH,46117
Martin Jacoby GmbH & Co. KG,40724
Philipp Automobile GmbH,45478
Kaltenbach Automobile GmbH & Co. KG,51491
Autohaus Rump GmbH,48301
Autohaus Muhra GmbH,46149
Hans Brandenburg GmbH,40721
Proauto GmbH,40764
BMW AG Niederlassung Düsseldorf Filiale Rath,40472
Hans Brandenburg GmbH,40595
BMW AG Niederlassung Düsseldorf,40237
Cloppenburg GmbH,47053
